{
  "description": "Check age",
  "hitPolicy": "Priority",
  "input": {
    "age": {
      "description": "The age to check",
      "type": "number",
      "default": 0
    }
  },
  "output": {
    "info": {
      "description": "An additional information"
    },
    "url": {
      "description": "The url to link to"
    }
  },
  "rules": {
    "No entry": {
      "age": "",
      "info": "Please enter a valid age!",
      "url": "https://github.com/BietSoft/brixx.docs/",
      "priority": 30
    },
    "Baby": {
      "age": "0",
      "info": "It's is still a baby!",
      "priority": 40
    },
    "Preschool": {
      "age": "< 5",
      "info": "Unfortunately too young!",
      "priority": 20
    },
    "Teens": {
      "age": ">= 13",
      "url": "https://www.youtube.com/"
    },
    "Kids": {
      "age": "< 13",
      "info": "Internet Safety for Kids",
      "url": "https://www.youtube.com/kids/",
      "priority": 10
    }
  }
}